{
    "loss": 3.6712920665740967,
    "accuracy": 0.7394653558731079
}