{
    "loss": 1.4512735605239868,
    "accuracy": 0.7997281551361084
}